"{""version"":""default"",""url"":""https://d1htljjq6nfvn9.cloudfront.net/v2.4.0/""}"
"{""version"":""v2.1.0"",""url"":""https://d1htljjq6nfvn9.cloudfront.net/v2.1.1/""}"
"{""version"":""v2.1.1"",""url"":""https://d1htljjq6nfvn9.cloudfront.net/v2.1.1/""}"
"{""version"":""v2.2.0"",""url"":""https://d1htljjq6nfvn9.cloudfront.net/v2.2.0/""}"
"{""version"":""v2.1.1-splittest1"",""url"":""https://d1htljjq6nfvn9.cloudfront.net/v2.1.1-splittest1/""}"
"{""version"":""v2.2.0-spilittest-world-2"",""url"":""https://d1htljjq6nfvn9.cloudfront.net/v2.2.0-spilittest-world-2/""}"
"{""version"":""v2.3.0"",""url"":""https://d1htljjq6nfvn9.cloudfront.net/v2.2.0/""}"
"{""version"":""v2.3.1"",""url"":""https://d1htljjq6nfvn9.cloudfront.net/v2.3.1/""}"
"{""version"":""v2.4.0"",""url"":""https://d1htljjq6nfvn9.cloudfront.net/v2.4.0/""}"
"{""version"":""v2.5.0"",""url"":""https://d1htljjq6nfvn9.cloudfront.net/v2.5.0/""}"
"{""version"":""v2.5.2"",""url"":""https://d1htljjq6nfvn9.cloudfront.net/v2.5.2/""}"
"{""version"":""v2.6.0"",""url"":""https://d1htljjq6nfvn9.cloudfront.net/v2.6.0/""}"
"{""version"":""v2.6.0-splittest1"",""url"":""https://d1htljjq6nfvn9.cloudfront.net/v2.6.0-splittest1/""}"
"{""version"":""v2.7.0"",""url"":""https://d1htljjq6nfvn9.cloudfront.net/v2.7.0/""}"
"{""version"":""v2.7.0-star-gate"",""url"":""https://d1htljjq6nfvn9.cloudfront.net/v2.7.0/""}"
"{""version"":""v2.7.1"",""url"":""https://d1htljjq6nfvn9.cloudfront.net/v2.7.1/""}"
"{""version"":""v2.8.0"",""url"":""https://d1htljjq6nfvn9.cloudfront.net/v2.8.0/""}"
"{""version"":""v2.8.0-element"",""url"":""https://d1htljjq6nfvn9.cloudfront.net/v2.8.0-element/""}"
"{""version"":""v2.9.0"",""url"":""https://d1htljjq6nfvn9.cloudfront.net/v2.9.0/""}"