Keys,English
creature.unknown.name,Mysterious Stranger
creature.mouse_01.name,Harbor Mouse
creature.mouse_02.name,Lone Mouseketeer
creature.cinderella_01.name,Cinder Ellie
creature.cinderella_02.name,Cinderella
creature.lancelot_01.name,Lancelot
creature.lancelot_02.name,Lance Arms-a-lot
creature.alien_01.name,Roswell Alien
creature.alien_02.name,Little Green Alien
creature.westwitch_01.name,Wicked Sitcom Witch
creature.westwitch_02.name,Wicked Witch of the West
creature.cheschirecat_01.name,Cheshire Lolcat
creature.cheschirecat_02.name,Cosplay Cheshire
creature.fox_01.name,Street Fox
creature.fox_02.name,Made Man Fox
creature.owl_01.name,Smart Owl
creature.owl_02.name,Flaming Owl
creature.firedragon_01.name,Fire Dragon
creature.firedragon_02.name,Two-headed Dragon
creature.firedragon_03.name,Three-headed Hydra
creature.yeti_01.name,Ballsy Yeti
creature.yeti_02.name,Yeti Garth
creature.snowman_01.name,Gangsno
creature.snowman_02.name,Hot Snøman
creature.snowqueen_01.name,Snow Bunny
creature.snowqueen_02.name,Snow Queen
creature.dormouse_01.name,Dormouse
creature.dormouse_02.name,Dormice King
creature.rabbit_01.name,Lil' Bunny
creature.rabbit_02.name,White Rabbit Sr
creature.bear_01.name,Lil' Bear
creature.bear_02.name,Greedy Bear
creature.goldilocks_01.name,Goldilocks
creature.goldilocks_02.name,Goldie on the Run
creature.tinkerbell_01.name,Tinker Bell
creature.tinkerbell_02.name,General Tink
creature.monkey_01.name,Grinder Monkey
creature.monkey_02.name,Flying Monkey
creature.rapunzel_01.name,Rap the Fair
creature.rapunzel_02.name,Rapunzel the Braided
creature.rapunzel_03.name,Rapun the Zealous
creature.tinman_01.name,Tinny
creature.tinman_02.name,Tin Man
creature.tinman_03.name,Sir Tin Man
creature.dragonprincess_01.name,Dragon Princess
creature.dragonprincess_02.name,Dragon Lady
creature.frogprince_01.name,Prince Ribbit
creature.frogprince_02.name,The Frog Prince
creature.unicorn_01.name,Lil' Uni
creature.unicorn_02.name,Unicorn Steed
creature.elfishthing_01.name,Amazonian Elf
creature.elfishthing_02.name,Amazonian Elf Princess
creature.grumpy_01.name,Grumpy Daze
creature.grumpy_02.name,Pirate Grumpy
creature.captainhook_01.name,Kid Hook
creature.captainhook_02.name,Captain Hook
creature.kissyprincess_01.name,Kissy Hop
creature.kissyprincess_02.name,Princess Kissy Hop 
creature.leprechaun_01.name,Lil' Lep
creature.leprechaun_02.name,Leprechaun King
creature.pinocchio_01.name,Pinocchio
creature.pinocchio_02.name,Pino Puppet Boy
creature.pinocchio_03.name,Pinocchio Mech
creature.aynt_01.name,Little Oak
creature.aynt_02.name,Great Oak Warrior
creature.wolf_01.name,Sheepy Wolf
creature.wolf_02.name,Granny Wolf
creature.dracula_01.name,Vlad the Man
creature.dracula_02.name,Count Dracula
creature.kraken_01.name,Kawaii Krakie
creature.kraken_02.name,The Kraken
creature.mermaidqueen_01.name,Lil' Mermaid
creature.mermaidqueen_02.name,Dolphin Rider Mermaid
creature.mermaidqueen_03.name,Mermaid Queen
creature.kingtriton_01.name,Kooky T
creature.kingtriton_02.name,King Triton
creature.acornwarrior_01.name,Attack Trainer Intern
creature.acornwarrior_02.name,Attack Trainer
creature.acornwarrior_03.name,Epic Attack Trainer
creature.acornaviator_01.name,Speed Trainer Intern
creature.acornaviator_02.name,Speed Trainer
creature.acornaviator_03.name,Epic Speed Trainer
creature.acorndefender_01.name,Defense Trainer Intern
creature.acorndefender_02.name,Defense Trainer
creature.acorndefender_03.name,Epic Defense Trainer
creature.acornidol_01.name,Coco Nut
creature.acornidol_02.name,Gold Nut
creature.acornidol_03.name,Jewel Nut
creature.acornmagician_01.name,Master Intern
creature.acornmagician_02.name,Master
creature.acornmagician_03.name,Epic Master
creature.musketeer_01.name,Porthos
creature.musketeer_02.name,Aramis 
creature.musketeer_03.name,Athos 
creature.robinhood_01.name,Hoodie Rob
creature.robinhood_02.name,Reggae Hood
creature.robinhood_03.name,Robin D. Hood
creature.alice_01.name,Small Alice
creature.alice_02.name,Alice 
creature.alice_03.name,Big Alice
creature.pig_01.name,Kung Fu Porkie
creature.pig_02.name,Tonkatsu Pork
creature.pig_03.name,Makin' Bacon
creature.madhatter_01.name,Hat Check Girl
creature.madhatter_02.name,Hattress
creature.madhatter_03.name,Mad Hattress
creature.redriddinghood_01.name,Red Riding Hood
creature.redriddinghood_02.name,Red Hooded Maiden
creature.redriddinghood_03.name,Hooded Wolf Slayer
creature.peterpan_01.name,Young Pan
creature.peterpan_02.name,Peter the Pan
creature.peterpan_03.name,Shadow Pan
creature.snowwhite_01.name,S. White
creature.snowwhite_02.name,Snow Warrior
creature.snowwhite_03.name,White Awake
creature.kingarthur_01.name,Boy Arthur
creature.kingarthur_02.name,Sir Arthur
creature.kingarthur_03.name,King Arthur
creature.evilqueen_01.name,Evil Old Hag
creature.evilqueen_02.name,Evil Stepmother
creature.evilqueen_03.name,Evil Queen
creature.gingerbreadman_01.name,Gingerbread Man
creature.gingerbreadman_02.name,Man on Fire
creature.tigerlily_01.name,Jade Li Li
creature.tigerlily_02.name,Tiger Li Li
creature.beast_01.name,Beastly Elvis
creature.beast_02.name,Beastly King
creature.monkeyking_01.name,Sun Wukong
creature.monkeyking_02.name,Monkey King
creature.tweedledeedum_01.name,Dee
creature.tweedledeedum_02.name,Dum
creature.pussinboots_01.name,Puss in Jika-tabi
creature.pussinboots_02.name,Furry Puss
creature.piedpiper_01.name,Highland Piper
creature.piedpiper_02.name,Ozzie Piper
creature.princecharming_01.name,High Noon Postal Clerk
creature.princecharming_02.name,High Noon Postmaster
creature.sleepingbeauty_01.name,Sleeping Beauty
creature.sleepingbeauty_02.name,Awoken Beauty
creature.kingmidas_01.name,High Noon Deputy
creature.kingmidas_02.name,High Noon Sheriff
creature.marshmallowman_01.name,Marshmallow Scout
creature.marshmallowman_02.name,Marshmallow Monster
creature.goldenfish_01.name,Magic Goldenfish
creature.goldenfish_02.name,Magic Dragonfish
creature.captainahab_01.name,Cabin Boy Ahab
creature.captainahab_02.name,Captain Ahab
creature.jackelope_01.name,Jackalope
creature.jackelope_02.name,Moosebunny
creature.wolfman_01.name,Wolfboy
creature.wolfman_02.name,Wolfman
creature.peemonkey_01.name,Pee Monkey
creature.peemonkey_02.name,Mad Pee Monkey!
creature.mouse_01.slogan,We ate some funny mushrooms!
creature.mouse_02.slogan,We ate some funny mushrooms!
creature.cinderella_01.slogan,We ate some funny mushrooms!
creature.cinderella_02.slogan,We ate some funny mushrooms!
creature.lancelot_01.slogan,We ate some funny mushrooms!
creature.lancelot_02.slogan,We ate some funny mushrooms!
creature.alien_01.slogan,We ate some funny mushrooms!
creature.alien_02.slogan,We ate some funny mushrooms!
creature.westwitch_01.slogan,We ate some funny mushrooms!
creature.westwitch_02.slogan,We ate some funny mushrooms!
creature.cheschirecat_01.slogan,We ate some funny mushrooms!
creature.cheschirecat_02.slogan,We ate some funny mushrooms!
creature.fox_01.slogan,We ate some funny mushrooms!
creature.fox_02.slogan,We ate some funny mushrooms!
creature.owl_01.slogan,We ate some funny mushrooms!
creature.owl_02.slogan,We ate some funny mushrooms!
creature.firedragon_01.slogan,We ate some funny mushrooms!
creature.firedragon_02.slogan,We ate some funny mushrooms!
creature.firedragon_03.slogan,We ate some funny mushrooms!
creature.yeti_01.slogan,We ate some funny mushrooms!
creature.yeti_02.slogan,We ate some funny mushrooms!
creature.snowman_01.slogan,We ate some funny mushrooms!
creature.snowman_02.slogan,We ate some funny mushrooms!
creature.snowqueen_01.slogan,We ate some funny mushrooms!
creature.snowqueen_02.slogan,We ate some funny mushrooms!
creature.dormouse_01.slogan,We ate some funny mushrooms!
creature.dormouse_02.slogan,We ate some funny mushrooms!
creature.rabbit_01.slogan,We ate some funny mushrooms!
creature.rabbit_02.slogan,We ate some funny mushrooms!
creature.bear_01.slogan,We ate some funny mushrooms!
creature.bear_02.slogan,We ate some funny mushrooms!
creature.goldilocks_01.slogan,We ate some funny mushrooms!
creature.goldilocks_02.slogan,We ate some funny mushrooms!
creature.tinkerbell_01.slogan,We ate some funny mushrooms!
creature.tinkerbell_02.slogan,We ate some funny mushrooms!
creature.monkey_01.slogan,We ate some funny mushrooms!
creature.monkey_02.slogan,We ate some funny mushrooms!
creature.rapunzel_01.slogan,We ate some funny mushrooms!
creature.rapunzel_02.slogan,We ate some funny mushrooms!
creature.rapunzel_03.slogan,We ate some funny mushrooms!
creature.tinman_01.slogan,We ate some funny mushrooms!
creature.tinman_02.slogan,We ate some funny mushrooms!
creature.tinman_03.slogan,We ate some funny mushrooms!
creature.dragonprincess_01.slogan,We ate some funny mushrooms!
creature.dragonprincess_02.slogan,We ate some funny mushrooms!
creature.frogprince_01.slogan,We ate some funny mushrooms!
creature.frogprince_02.slogan,We ate some funny mushrooms!
creature.unicorn_01.slogan,We ate some funny mushrooms!
creature.unicorn_02.slogan,We ate some funny mushrooms!
creature.elfishthing_01.slogan,We ate some funny mushrooms!
creature.elfishthing_02.slogan,We ate some funny mushrooms!
creature.grumpy_01.slogan,We ate some funny mushrooms!
creature.grumpy_02.slogan,We ate some funny mushrooms!
creature.captainhook_01.slogan,We ate some funny mushrooms!
creature.captainhook_02.slogan,We ate some funny mushrooms!
creature.kissyprincess_01.slogan,We ate some funny mushrooms!
creature.kissyprincess_02.slogan,We ate some funny mushrooms!
creature.leprechaun_01.slogan,We ate some funny mushrooms!
creature.leprechaun_02.slogan,We ate some funny mushrooms!
creature.pinocchio_01.slogan,We ate some funny mushrooms!
creature.pinocchio_02.slogan,We ate some funny mushrooms!
creature.pinocchio_03.slogan,We ate some funny mushrooms!
creature.aynt_01.slogan,We ate some funny mushrooms!
creature.aynt_02.slogan,We ate some funny mushrooms!
creature.wolf_01.slogan,We ate some funny mushrooms!
creature.wolf_02.slogan,We ate some funny mushrooms!
creature.dracula_01.slogan,We ate some funny mushrooms!
creature.dracula_02.slogan,We ate some funny mushrooms!
creature.kraken_01.slogan,We ate some funny mushrooms!
creature.kraken_02.slogan,We ate some funny mushrooms!
creature.mermaidqueen_01.slogan,We ate some funny mushrooms!
creature.mermaidqueen_02.slogan,We ate some funny mushrooms!
creature.mermaidqueen_03.slogan,We ate some funny mushrooms!
creature.kingtriton_01.slogan,We ate some funny mushrooms!
creature.kingtriton_02.slogan,We ate some funny mushrooms!
creature.acornwarrior_01.slogan,We ate some funny mushrooms!
creature.acornwarrior_02.slogan,We ate some funny mushrooms!
creature.acornwarrior_03.slogan,We ate some funny mushrooms!
creature.acornaviator_01.slogan,We ate some funny mushrooms!
creature.acornaviator_02.slogan,We ate some funny mushrooms!
creature.acornaviator_03.slogan,We ate some funny mushrooms!
creature.acorndefender_01.slogan,We ate some funny mushrooms!
creature.acorndefender_02.slogan,We ate some funny mushrooms!
creature.acorndefender_03.slogan,We ate some funny mushrooms!
creature.acornidol_01.slogan,We ate some funny mushrooms!
creature.acornidol_02.slogan,We ate some funny mushrooms!
creature.acornidol_03.slogan,We ate some funny mushrooms!
creature.acornmagician_01.slogan,We ate some funny mushrooms!
creature.acornmagician_02.slogan,We ate some funny mushrooms!
creature.acornmagician_03.slogan,We ate some funny mushrooms!
creature.musketeer_01.slogan,We ate some funny mushrooms!
creature.musketeer_02.slogan,We ate some funny mushrooms!
creature.musketeer_03.slogan,We ate some funny mushrooms!
creature.robinhood_01.slogan,We ate some funny mushrooms!
creature.robinhood_02.slogan,We ate some funny mushrooms!
creature.robinhood_03.slogan,We ate some funny mushrooms!
creature.alice_01.slogan,We ate some funny mushrooms!
creature.alice_02.slogan,We ate some funny mushrooms!
creature.alice_03.slogan,We ate some funny mushrooms!
creature.pig_01.slogan,We ate some funny mushrooms!
creature.pig_02.slogan,We ate some funny mushrooms!
creature.pig_03.slogan,We ate some funny mushrooms!
creature.madhatter_01.slogan,We ate some funny mushrooms!
creature.madhatter_02.slogan,We ate some funny mushrooms!
creature.madhatter_03.slogan,We ate some funny mushrooms!
creature.redriddinghood_01.slogan,We ate some funny mushrooms!
creature.redriddinghood_02.slogan,We ate some funny mushrooms!
creature.redriddinghood_03.slogan,We ate some funny mushrooms!
creature.peterpan_01.slogan,We ate some funny mushrooms!
creature.peterpan_02.slogan,We ate some funny mushrooms!
creature.peterpan_03.slogan,We ate some funny mushrooms!
creature.snowwhite_01.slogan,We ate some funny mushrooms!
creature.snowwhite_02.slogan,We ate some funny mushrooms!
creature.snowwhite_03.slogan,We ate some funny mushrooms!
creature.kingarthur_01.slogan,We ate some funny mushrooms!
creature.kingarthur_02.slogan,We ate some funny mushrooms!
creature.kingarthur_03.slogan,We ate some funny mushrooms!
creature.evilqueen_01.slogan,We ate some funny mushrooms!
creature.evilqueen_02.slogan,We ate some funny mushrooms!
creature.evilqueen_03.slogan,We ate some funny mushrooms!
creature.gingerbreadman_01.slogan,We ate some funny mushrooms!
creature.gingerbreadman_02.slogan,We ate some funny mushrooms!
creature.tigerlily_01.slogan,We ate some funny mushrooms!
creature.tigerlily_02.slogan,We ate some funny mushrooms!
creature.beast_01.slogan,We ate some funny mushrooms!
creature.beast_02.slogan,We ate some funny mushrooms!
creature.monkeyking_01.slogan,We ate some funny mushrooms!
creature.monkeyking_02.slogan,We ate some funny mushrooms!
creature.tweedledeedum_01.slogan,We ate some funny mushrooms!
creature.tweedledeedum_02.slogan,We ate some funny mushrooms!
creature.pussinboots_01.slogan,We ate some funny mushrooms!
creature.pussinboots_02.slogan,We ate some funny mushrooms!
creature.piedpiper_01.slogan,We ate some funny mushrooms!
creature.piedpiper_02.slogan,We ate some funny mushrooms!
creature.princecharming_01.slogan,We ate some funny mushrooms!
creature.princecharming_02.slogan,We ate some funny mushrooms!
creature.sleepingbeauty_01.slogan,We ate some funny mushrooms!
creature.sleepingbeauty_02.slogan,We ate some funny mushrooms!
creature.kingmidas_01.slogan,We ate some funny mushrooms!
creature.kingmidas_02.slogan,We ate some funny mushrooms!
creature.marshmallowman_01.slogan,We ate some funny mushrooms!
creature.marshmallowman_02.slogan,We ate some funny mushrooms!
creature.goldenfish_01.slogan,We ate some funny mushrooms!
creature.goldenfish_02.slogan,We ate some funny mushrooms!
creature.captainahab_01.slogan,We ate some funny mushrooms!
creature.captainahab_02.slogan,We ate some funny mushrooms!
creature.jackelope_01.slogan,We ate some funny mushrooms!
creature.jackelope_02.slogan,We ate some funny mushrooms!
creature.wolfman_01.slogan,We ate some funny mushrooms!
creature.wolfman_02.slogan,We ate some funny mushrooms!
creature.peemonkey_01.slogan,We ate some funny mushrooms!
creature.peemonkey_02.slogan,We ate some funny mushrooms!
creature.ascent_1.name,creature.ascent_1.name
creature.ascent_1.slogan,creature.ascent_1.slogan
creature.ascent_2.name,creature.ascent_2.name
creature.ascent_2.slogan,creature.ascent_2.slogan
creature.queenofhearts_01.name,Princess of Hearts
creature.queenofhearts_02.name,Queen of Hearts
creature.cowardlylion_01.name,Cowardly Lion
creature.cowardlylion_02.name,Courageous Lion
creature.rabbitpurple_01.name,Dirty Bunny
creature.rabbitpurple_02.name,Dark Rabbit
creature.madhattergreen_01.name,Royal Hat Girl
creature.madhattergreen_02.name,Royal Hatter
creature.madhattergreen_03.name,Mad Hatter Royale
creature.madhatteryellow_01.name,Sun Hat Girl
creature.madhatteryellow_02.name,Sun Hatter
creature.madhatteryellow_03.name,Mad Sun Hatter
creature.unicornred_01.name,Lil' Flamey
creature.unicornred_02.name,Flaming Steed
creature.unicornyellow_01.name,Lil' Rainy
creature.unicornyellow_02.name,Rainbow Steed