Keys,English
tree.gold_nut.name,Gold Warnuts
tree.gold_nut.description,"3-4 star, with 1:50 chance of 5-star upgradable to 6-star"
tree.silver_nut.name,Silver Warnuts
tree.silver_nut.description,2-4-star hero
tree.wood_nut.name,Woody Warnuts
tree.wood_nut.description,1-3-star hero
tree.akorn.name,Akorns
tree.akorn.description,Upgrade boosters
tree.daily.name,Daily Warnuts
tree.daily.description,Free warnut every day
tree.free_10800.name,Free Nuts
tree.free_10800.description,Free warnut or akorn every 3 hours
tree.fire_element_nut.name,Fire Warnuts
tree.fire_element_nut.description,Get heroes for your fire team while you're in a fire area
tree.water_element_nut.name,Water Warnuts
tree.water_element_nut.description,Get heroes for your water team while you're in a water area
tree.wood_element_nut.name,Earth Warnuts
tree.wood_element_nut.description,Get heroes for your earth team while you're in a earth area
tree.dark_element_nut.name,Dark Warnuts
tree.dark_element_nut.description,Get heroes for your dark team while you're in a dark area
tree.light_element_nut.name,Light Warnuts
tree.light_element_nut.description,Get heroes for your light team while you're in a light area
tree.social_gatcha.name,-
tree.social_gatcha.description,-
tree.theme_tree-premium-999.name,-
tree.theme_tree-premium-999.description,-
tree.premium_gatcha_base.name,-
tree.premium_gatcha_base.description,-
tree.theme_tree-intothedepths-72.name,-
tree.theme_tree-intothedepths-72.description,-
tree.theme_tree-princesses-96.name,-
tree.theme_tree-princesses-96.description,-
tree.theme_tree-princesses-72.name,-
tree.theme_tree-princesses-72.description,-
tree.theme_tree-golden_w2-24.name,-
tree.theme_tree-golden_w2-24.description,-
tree.theme_tree-golden_w4-24.name,-
tree.theme_tree-golden_w4-24.description,-
tree.theme_tree-golden_w4-48.name,-
tree.theme_tree-golden_w4-48.description,-
tree.feature_tree-musketeer_01-72.name,-
tree.feature_tree-musketeer_01-72.description,-
tree.feature_tree-robinhood_01-72.name,-
tree.feature_tree-robinhood_01-72.description,-
tree.feature_tree-alice_01-72.name,-
tree.feature_tree-alice_01-72.description,-
tree.feature_tree-pig_01-72.name,-
tree.feature_tree-pig_01-72.description,-
tree.feature_tree-madhatter_01-72.name,-
tree.feature_tree-madhatter_01-72.description,-
tree.feature_tree-redriddinghood_01-72.name,-
tree.feature_tree-redriddinghood_01-72.description,-
tree.feature_tree-peterpan_01-72.name,-
tree.feature_tree-peterpan_01-72.description,-
tree.theme_tree-intothedepths-96.name,-
tree.theme_tree-intothedepths-96.description,-
tree.feature_tree-snowwhite_01-72.name,-
tree.feature_tree-snowwhite_01-72.description,-
tree.feature_tree-kingarthur_01-72.name,-
tree.feature_tree-kingarthur_01-72.description,-
tree.feature_tree-evilqueen_01-72.name,-
tree.feature_tree-evilqueen_01-72.description,-
tree.feature_tree-musketeer_01-96.name,-
tree.feature_tree-musketeer_01-96.description,-
tree.feature_tree-robinhood_01-96.name,-
tree.feature_tree-robinhood_01-96.description,-
tree.feature_tree-alice_01-96.name,-
tree.feature_tree-alice_01-96.description,-
tree.feature_tree-pig_01-96.name,-
tree.feature_tree-pig_01-96.description,-
tree.feature_tree-madhatter_01-96.name,-
tree.feature_tree-madhatter_01-96.description,-
tree.feature_tree-redriddinghood_01-96.name,-
tree.feature_tree-redriddinghood_01-96.description,-
tree.feature_tree-peterpan_01-96.name,-
tree.feature_tree-peterpan_01-96.description,-
tree.feature_tree-snowwhite_01-96.name,-
tree.feature_tree-snowwhite_01-96.description,-
tree.feature_tree-kingarthur_01-96.name,-
tree.feature_tree-kingarthur_01-96.description,-
tree.feature_tree-evilqueen_01-96.name,-
tree.feature_tree-evilqueen_01-96.description,-
airbattle.dungeon45-gingerbreadman_02-24.name,Gingerbread's Oven
airbattle.dungeon45-tigerlily_02-24.name,Tiger's Lily
airbattle.dungeon45-beast_02-24.name,The Beast's Beauty
airbattle.dungeon45-peemonkey_02-24.name,Pee Monkey's Banana Boat
airbattle.dungeon45-monkeyking_02-24.name,Song's Peachy Cloud
airbattle.dungeon45-tweedledeedum_02-24.name,Tweedle's Walrus
airbattle.dungeon45-pussinboots_02-24.name,Puss's Boot
airbattle.dungeon45-piedpiper_02-24.name,The Piper's Piper
airbattle.dungeon45-princecharming_02-24.name,Postermaster's Gig
airbattle.dungeon45-sleepingbeauty_02-24.name,Sleepless Beauty
airbattle.dungeon45-kingmidas_02-24.name,The Sheriff's Star
airbattle.weekday-mon-stats_acorn-24.name,Monday Masters
airbattle.weekday-tue-water_mat-24.name,Rainy Tuesday
airbattle.weekday-wed-wood_mat-24.name,Earthy Wednesday
airbattle.weekday-thu-fire_mat-24.name,Fiery Thursday
airbattle.weekday-fri-golden_acorn-24.name,Get Rich Friday
airbattle.weekday-sat-dark_mat-24.name,Shady Saturday
airbattle.weekday-sun-light_mat-24.name,Sunny Sunday
airbattle.dungeon556-musketeer_03-72.name,Blindman's Boat
airbattle.dungeon556-robinhood_03-72.name,Sherwood Skiff
airbattle.dungeon556-alice_03-72.name,Lady Alice
airbattle.dungeon556-pig_03-72.name,Pig Tug
airbattle.dungeon556-madhatter_03-72.name,The Mad Hatter
airbattle.dungeon556-redriddinghood_03-72.name,Red's Skiff
airbattle.dungeon556-peterpan_03-72.name,Neverland
airbattle.dungeon556-snowwhite_03-72.name,The White Sail
airbattle.dungeon556-kingarthur_03-72.name,The Camelot
airbattle.dungeon556-evilqueen_03-72.name,Mirror Mirror
airbattle.dungeon556-musketeer_03-96.name,Blindman's Boat
airbattle.dungeon556-robinhood_03-96.name,Sherwood Skiff
airbattle.dungeon556-alice_03-96.name,Lady Alice
airbattle.dungeon556-pig_03-96.name,Pig Tug
airbattle.dungeon556-madhatter_03-96.name,The Mad Hatter
airbattle.dungeon556-redriddinghood_03-96.name,Red's Skiff
airbattle.dungeon556-peterpan_03-96.name,Neverland
airbattle.dungeon556-snowwhite_03-96.name,The White Sail
airbattle.dungeon556-kingarthur_03-96.name,The Camelot
airbattle.dungeon556-evilqueen_03-96.name,Mirror Mirror
airbattle.xp-24.name,Master Air Battle
difficulty.easy,"Easy as Cake
<spaceminor>3% boss drop rate</spaceminor>"
difficulty.middle,"Tough Going
<spaceminor>5% boss drop rate</spaceminor>"
difficulty.hard,"Hard Nuts
<spaceminor>7% boss drop rate</spaceminor>"
difficulty.nightmare,"Nightmare
<spaceminor>9% boss drop rate</spaceminor>"
battlebonus.energy-firstarea-50-24.name,Special Bonus
battlebonus.energy-firstarea-50-24.description,"<size=28>50%</size>
OFF"
battlebonus.energy-firsttwoareas-50-24.name,Special Bonus
battlebonus.energy-firsttwoareas-50-24.description,"<size=28>50%</size>
OFF"
battlebonus.energy-fire-50-24.name,Special Bonus
battlebonus.energy-fire-50-24.description,"<size=28>50%</size>
OFF"
battlebonus.energy-wood-50-24.name,Special Bonus
battlebonus.energy-wood-50-24.description,"<size=28>50%</size>
OFF"
battlebonus.energy-water-50-24.name,Special Bonus
battlebonus.energy-water-50-24.description,"<size=28>50%</size>
OFF"
battlebonus.energy-light-50-24.name,Special Bonus
battlebonus.energy-light-50-24.description,"<size=28>50%</size>
OFF"
battlebonus.energy-dark-50-24.name,Special Bonus
battlebonus.energy-dark-50-24.description,"<size=28>50%</size>
OFF"
battlebonus.droprate-fire-material_egg-2-24.name,Special Bonus
battlebonus.droprate-fire-material_egg-2-24.description,"<size=36>2x</size>
DROP
RATE"
battlebonus.droprate-wood-material_egg-2-24.name,Special Bonus
battlebonus.droprate-wood-material_egg-2-24.description,"<size=36>2x</size>
DROP
RATE"
battlebonus.droprate-water-material_egg-2-24.name,Special Bonus
battlebonus.droprate-water-material_egg-2-24.description,"<size=36>2x</size>
DROP
RATE"
battlebonus.droprate-light-material_egg-2-24.name,Special Bonus
battlebonus.droprate-light-material_egg-2-24.description,"<size=36>2x</size>
DROP
RATE"
battlebonus.droprate-dark-material_egg-2-24.name,Special Bonus
battlebonus.droprate-dark-material_egg-2-24.description,"<size=36>2x</size>
DROP
RATE"
battlebonus.droprate-none-material_egg-3-24.name,Special Bonus
battlebonus.droprate-none-material_egg-3-24.description,"<size=36>2x</size>
DROP
RATE"
battlebonus.dungeon_luck-fire-2-24.name,Special Bonus
battlebonus.dungeon_luck-fire-2-24.description,"DOUBLE
LUCK"
battlebonus.dungeon_luck-wood-2-24.name,Special Bonus
battlebonus.dungeon_luck-wood-2-24.description,"DOUBLE
LUCK"
battlebonus.dungeon_luck-water-2-24.name,Special Bonus
battlebonus.dungeon_luck-water-2-24.description,"DOUBLE
LUCK"
battlebonus.dungeon_luck-light-2-24.name,Special Bonus
battlebonus.dungeon_luck-light-2-24.description,"DOUBLE
LUCK"
battlebonus.dungeon_luck-dark-2-24.name,Special Bonus
battlebonus.dungeon_luck-dark-2-24.description,"DOUBLE
LUCK"
battlebonus.coin-fire-2-24.name,Special Bonus
battlebonus.coin-fire-2-24.description,"<size=36>2x</size>
DROP
RATE"
battlebonus.coin-wood-2-24.name,Special Bonus
battlebonus.coin-wood-2-24.description,"<size=36>2x</size>
DROP
RATE"
battlebonus.coin-water-2-24.name,Special Bonus
battlebonus.coin-water-2-24.description,"<size=36>2x</size>
DROP
RATE"
battlebonus.coin-light-2-24.name,Special Bonus
battlebonus.coin-light-2-24.description,"<size=36>2x</size>
DROP
RATE"
battlebonus.coin-dark-2-24.name,Special Bonus
battlebonus.coin-dark-2-24.description,"<size=36>2x</size>
DROP
RATE"
tree.premium_gatcha_Base.name,-
tree.premium_gatcha_Base.description,-
airbattle.xp-1.name,Master hour
tree.theme_tree-golden_w4-48.name,-
tree.theme_tree-golden_w4-48.description,-
tree.special_gatcha-special1.name,Beautiful Warnuts
tree.special_gatcha-special1.description,"4- or 5-star prince/princess, some upgradable to 6-star"
tree.special_gatcha-special2.name,Royal Warnuts
tree.special_gatcha-special2.description,"4- or 5-star king or queen, some upgradable to 6-star"
tree.special_gatcha-special3.name,Beastly Warnuts
tree.special_gatcha-special3.description,"4- or 5-star beasts, some upgradable to 6-star"
tree.special_gatcha-special4.name,Super Rare Warnuts
tree.special_gatcha-special4.description,"Guaranteed 4-star hero, upgradable"
tree.special_gatcha-special5.name,Epic Warnuts
tree.special_gatcha-special5.description,"Guaranteed 5-star hero, upgradable to 6-star"
airbattle.dungeon556-evilqueen_03-12.name,Mirror Mirror
airbattle.dungeon556-kingarthur_03-12.name,The Camelot
airbattle.dungeon556-snowwhite_03-12.name,The White Sail
airbattle.dungeon556-peterpan_03-12.name,Neverland
airbattle.dungeon556-redriddinghood_03-12.name,Red's Skiff
airbattle.dungeon556-madhatter_03-12.name,The Mad Hatter
airbattle.dungeon556-pig_03-12.name,Pig Tug
airbattle.dungeon556-alice_03-12.name,Lady Alice
airbattle.dungeon556-robinhood_03-12.name,Sherwood Skiff
airbattle.dungeon556-musketeer_03-12.name,Blindman's Boat
airbattle.dungeon45-peemonkey_02-12.name,Pee Monkey's Banana Boat
airbattle.dungeon45-sleepingbeauty_02-12.name,Sleepless Beauty
airbattle.dungeon45-piedpiper_02-12.name,The Piper's Piper
airbattle.dungeon45-pussinboots_02-12.name,Puss's Boot
airbattle.dungeon45-monkeyking_02-12.name,Song's Peachy Cloud
airbattle.dungeon45-beast_02-12.name,The Beast's Beauty
airbattle.dungeon45-tigerlily_02-12.name,Tiger's Lily
airbattle.dungeon45-gingerbreadman_02-12.name,Gingerbread's Oven
tree. theme_tree-golden_w4-48.name,-
tree. theme_tree-golden_w4-48.description,-