Keys,English
creature.mouse_01.skill.rodentricochet.name,Flying Toothpick Sword
creature.mouse_01.skill.rodentricochet.description,Spread shot attack with a pint-sized sword
creature.mouse_01.skill.rapidclawattack.name,Mouse Bounce
creature.mouse_01.skill.rapidclawattack.description,Bounce off the walls to bump up speed
creature.mouse_02.skill.speedysword.name,Rodent Ricochet
creature.mouse_02.skill.speedysword.description,Send off the walls for a super speed bump
creature.mouse_02.skill.rapierrevenge.name,Rapier Revenge
creature.mouse_02.skill.rapierrevenge.description,Spread shot attack with a proper rapier
creature.cinderella_01.skill.dustydance.name,Cinder Sweep
creature.cinderella_01.skill.dustydance.description,Speed up your attack
creature.cinderella_01.skill.clockstrikes12.name,Noon Beam
creature.cinderella_01.skill.clockstrikes12.description,12'o-clock beam of magic wand energy
creature.cinderella_02.skill.oneslipperdash.name,Midnight Dash
creature.cinderella_02.skill.oneslipperdash.description,Fear of midnight gives you super speed
creature.cinderella_02.skill.clockstrikes12.name,Midnight Strike
creature.cinderella_02.skill.clockstrikes12.description,12-o'clock super beam of broken spell energy
creature.lancelot_01.skill.knightscrush.name,Honor Blast
creature.lancelot_01.skill.knightscrush.description,Blast of righteous honor when hitting enemy
creature.lancelot_01.skill.knightsbash.name,Blast of Honor
creature.lancelot_01.skill.knightsbash.description,Blast of honor energy explosion
creature.lancelot_02.skill.lordofthesword.name,Righteous Blast
creature.lancelot_02.skill.lordofthesword.description,Super blast of righteousness when hitting enemy
creature.lancelot_02.skill.proteinpowderexplosion.name,Blast of Righteousness
creature.lancelot_02.skill.proteinpowderexplosion.description,Blast of righteous energy explosion
creature.alien_01.skill.psionicsweep.name,Psion Sweep
creature.alien_01.skill.psionicsweep.description,360 degree psionic sweep attack
creature.alien_01.skill.lasershots.name,Ion Machine Gun
creature.alien_01.skill.lasershots.description,Spread shot attack of ion bullets
creature.alien_02.skill.a.n.a.l.probe.name,A.N.A.L. Probe
creature.alien_02.skill.a.n.a.l.probe.description,360 degree probing A.N.A.L. attack
creature.alien_02.skill.plasmashots.name,Photon Sweep
creature.alien_02.skill.plasmashots.description,Spread shot attack of photon torpedoes
creature.westwitch_01.skill.broom-broom.name,Broomstick Bump
creature.westwitch_01.skill.broom-broom.description,Bump enemies with broomstick to boost speed
creature.westwitch_01.skill.spellstream.name,Magic Beam
creature.westwitch_01.skill.spellstream.description,Vertical beam of magic power
creature.westwitch_02.skill.broom-broom.name,Super Broom Bump
creature.westwitch_02.skill.broom-broom.description,Bump enemies with broom for a super speed boost
creature.westwitch_02.skill.hexstream.name,Wicked Spell Beam
creature.westwitch_02.skill.hexstream.description,Vertical beam of wicked magic power
creature.cheschirecat_01.skill.catscratchfever.name,Cat Scratch
creature.cheschirecat_01.skill.catscratchfever.description,Grab your first hit enemy for a scratch attack
creature.cheschirecat_01.skill.darkgrin.name,Catlike Grin
creature.cheschirecat_01.skill.darkgrin.description,Grinning blast attack
creature.cheschirecat_02.skill.lovescratchfrenzy.name,Love Scratch
creature.cheschirecat_02.skill.lovescratchfrenzy.description,Grab your first hit enemy for a super scratch attack
creature.cheschirecat_02.skill.smileofdarkness.name,Coy Cosplay Grin
creature.cheschirecat_02.skill.smileofdarkness.description,Grinning super blast attack in dark
creature.fox_01.skill.dirtypetrolbomb.name,Molotov Cocktail
creature.fox_01.skill.dirtypetrolbomb.description,Bump your pals to lob some bombs
creature.fox_01.skill.thugblast.name,Letter Bomb
creature.fox_01.skill.thugblast.description,A strong blast in a small package
creature.fox_02.skill.calabashpipebomb.name,Pipe Bomb
creature.fox_02.skill.calabashpipebomb.description,Bump your enemy and slip some bombs
creature.fox_02.skill.criminalblast.name,Suitcase Bomb
creature.fox_02.skill.criminalblast.description,A super strong blast in a tiny package
creature.owl_01.skill.avianagression.name,Angry Owl Attack
creature.owl_01.skill.avianagression.description,Increasingly painful owl attacks
creature.owl_01.skill.hoothoot.name,Claw Attack
creature.owl_01.skill.hoothoot.description,Spread shot of claw attacks
creature.owl_02.skill.hootowlrage.name,Raging Owl Attack
creature.owl_02.skill.hootowlrage.description,Owl-fully painful owl attacks
creature.owl_02.skill.hoothoot.name,Flaming Claw Attack
creature.owl_02.skill.hoothoot.description,Speadshot of flaming owl attacks
creature.firedragon_01.skill.flamelick.name,Flame Lick
creature.firedragon_01.skill.flamelick.description,Lick of fire towards your target
creature.firedragon_01.skill.dragonsnare.name,Dragon Snare
creature.firedragon_01.skill.dragonsnare.description,Bump to launch a dragon blast attack
creature.firedragon_02.skill.blazebreath.name,Fire Breath
creature.firedragon_02.skill.blazebreath.description,Breath of fire towards your target
creature.firedragon_02.skill.doubledragonsnare.name,Double Dragon Snare
creature.firedragon_02.skill.doubledragonsnare.description,Bump to launch a double dragon blast
creature.firedragon_03.skill.laserblazer.name,Blaze Breath
creature.firedragon_03.skill.laserblazer.description,White hot blaze of fire towards your target
creature.firedragon_03.skill.tripledragonsnare.name,Triple Dragon Snare
creature.firedragon_03.skill.tripledragonsnare.description,Bump to launch a triple dragon blast
creature.yeti_01.skill.laseraround.name,360° Evil Eye
creature.yeti_01.skill.laseraround.description,Full-around stare of icy evil
creature.yeti_01.skill.snowballtoss.name,Snowball Attack
creature.yeti_01.skill.snowballtoss.description,Spread shot of snow balls
creature.yeti_02.skill.laseraround.name,360° Super Evil Eye
creature.yeti_02.skill.laseraround.description,Full-around stare of super icy evil
creature.yeti_02.skill.snowballtoss.name,Snowball Fight
creature.yeti_02.skill.snowballtoss.description,Super spread shot of snow balls
creature.snowman_01.skill.snowbombs.name,Snow Bombs
creature.snowman_01.skill.snowbombs.description,Exploding snow bombs of doom 
creature.snowman_01.skill.northwindstream.name,Frosty Blast
creature.snowman_01.skill.northwindstream.description,Ice cold beams of chill in all directions
creature.snowman_02.skill.snowbombs.name,Snow Bombardment
creature.snowman_02.skill.snowbombs.description,Cataclismic downpour of snow bombs
creature.snowman_02.skill.northstormstream.name,Jack Frost Blast
creature.snowman_02.skill.northstormstream.description,Super cold beams of chill in all directions
creature.snowqueen_01.skill.icerage.name,Frost Bite
creature.snowqueen_01.skill.icerage.description,Bump walls to increase attack
creature.snowqueen_01.skill.harpoonstab.name,Icy Harpoon
creature.snowqueen_01.skill.harpoonstab.description,Upward stab of ice
creature.snowqueen_02.skill.frostrage.name,Hypothermic Rage
creature.snowqueen_02.skill.frostrage.description,Bump walls to wage a super attack
creature.snowqueen_02.skill.icestaffstab.name,Ice Wand
creature.snowqueen_02.skill.icestaffstab.description,Upward blast of icy magic
creature.dormouse_01.skill.wellrested.name,Healing Hibernation
creature.dormouse_01.skill.wellrested.description,Sleep through turn to heal team
creature.dormouse_01.skill.nastynibbles.name,Cheese Spread
creature.dormouse_01.skill.nastynibbles.description,Cheese shots thump your enemies
creature.dormouse_02.skill.wellrested.name,Deep Healing Hibernation
creature.dormouse_02.skill.wellrested.description,Sleep through turn to super heal team
creature.rabbit_01.skill.time'sup .name,Nasty Nibbles
creature.rabbit_01.skill.time'sup .description,Ouch! Bite and give 'em nibbles all over
creature.rabbit_01.skill.bunnykick.name,Time's Up
creature.rabbit_01.skill.bunnykick.description,Grab and hit multiple times 
creature.rabbit_02.skill.time'sup .name,Bunny Kick
creature.rabbit_02.skill.time'sup .description,Strong kick that burns
creature.rabbit_02.skill.harekick.name,Hare Kick
creature.rabbit_02.skill.harekick.description,Super powerful kick that burns
creature.bear_01.skill.bearclaw.name,Bear Claws
creature.bear_01.skill.bearclaw.description,Scratch enemies in close quarters
creature.bear_01.skill.heavystomp.name,Bear Stomp
creature.bear_01.skill.heavystomp.description,Heavy bear blast attack
creature.bear_02.skill.bearbrawl.name,Grizzly Attack
creature.bear_02.skill.bearbrawl.description,Attack enemies in close quarters
creature.bear_02.skill.bearshockwave.name,Grizzly Growl
creature.bear_02.skill.bearshockwave.description,Supersonic bear blast attack
creature.goldilocks_01.skill.mama'shealingporridge.name,Healing Hit
creature.goldilocks_01.skill.mama'shealingporridge.description,Hit an enemy to heal your team
creature.goldilocks_01.skill.porridgethrow.name,Porridge Blast
creature.goldilocks_01.skill.porridgethrow.description,Hot ex-blast of porridge
creature.goldilocks_02.skill.papa'shealingporridge.name,Super Healing Hit
creature.goldilocks_02.skill.papa'shealingporridge.description,Hit an enemy to super heal your team
creature.goldilocks_02.skill.porridgethrow.name,Papa's Porridge Blast
creature.goldilocks_02.skill.porridgethrow.description,Scalding hot ex-blast of porridge
creature.tinkerbell_01.skill.pixiedustdash.name,Pixie Bomb Dash
creature.tinkerbell_01.skill.pixiedustdash.description,Drop some pixie bombs and go
creature.tinkerbell_01.skill.rapidflutter.name,Pixie Dust Shots
creature.tinkerbell_01.skill.rapidflutter.description,Rapid spreadshot of pixie dust
creature.tinkerbell_02.skill.fairyflutter.name,Super Pixie Dust Shots
creature.tinkerbell_02.skill.fairyflutter.description,Rapid spreadhsot of super pixie dust
creature.monkey_01.skill.monkeyscreech.name,Monkey Screech
creature.monkey_01.skill.monkeyscreech.description,Aiming sonic monkey sounds
creature.monkey_01.skill.bannanabomb.name,Banana Bomb
creature.monkey_01.skill.bannanabomb.description,Nothin more deadly than dropping banana bombs
creature.monkey_02.skill.monkeyscreech.name,Monkey Super Screech
creature.monkey_02.skill.monkeyscreech.description,Aiming super sonic monkey sounds
creature.monkey_02.skill.bannanabomb.name,Super Banana Bomb
creature.monkey_02.skill.bannanabomb.description,Nothin more deadly than dropping banana bombs
creature.rapunzel_01.skill.curlerbombs.name,Curler Bomb
creature.rapunzel_01.skill.curlerbombs.description,Hot hair curler attack when hitting enemies
creature.rapunzel_01.skill.scissorslice.name,Walking with Scissors
creature.rapunzel_01.skill.scissorslice.description,Spread shot of safefy scissors
creature.rapunzel_02.skill.curlerbombs.name,Styling Gel Bomb
creature.rapunzel_02.skill.curlerbombs.description,Barber college chemical weapon when hitting enemies
creature.rapunzel_02.skill.scissorslice.name,Scissor Slice
creature.rapunzel_02.skill.scissorslice.description,Spread shot of scissors
creature.rapunzel_03.skill.curlerbombs.name,Peroxide Bomb
creature.rapunzel_03.skill.curlerbombs.description,Salon-style WMD when hitting enemies
creature.rapunzel_03.skill.scissorslice.name,Flying Scissors
creature.rapunzel_03.skill.scissorslice.description,Spread shot of hairdresser scissors
creature.tinman_01.skill.tincanchop.name,Karate Chop
creature.tinman_01.skill.tincanchop.description,Mild explosion when hitting walls
creature.tinman_01.skill.explosiveshell.name,Little Boy Blast
creature.tinman_01.skill.explosiveshell.description,Mild explosive blast on bump
creature.tinman_02.skill.tincanchop.name,Hatchet Chop
creature.tinman_02.skill.tincanchop.description,Strong explosion when hitting walls
creature.tinman_02.skill.explosivechest.name,Ten Ton Blast
creature.tinman_02.skill.explosivechest.description,Strong explosive blast on bump
creature.tinman_03.skill.tincanchop.name,Double Ax Chop
creature.tinman_03.skill.tincanchop.description,Super powerful explosion when hitting walls
creature.tinman_03.skill.eplosiveheart.name,Fat Man Blast
creature.tinman_03.skill.eplosiveheart.description,Super explosive blast on bump
creature.dragonprincess_01.skill.dragon-size-me!.name,Make Bigger
creature.dragonprincess_01.skill.dragon-size-me!.description,Hit walls and get bigger
creature.dragonprincess_01.skill.dragonaid.name,Little Pet Dragon Fire
creature.dragonprincess_01.skill.dragonaid.description,Pet dragons' vertical fire attack 
creature.dragonprincess_02.skill.dragon-size-me!.name,Dragon-size-me!
creature.dragonprincess_02.skill.dragon-size-me!.description,Hit walls and get super big
creature.dragonprincess_02.skill.dragonaid.name,Pet Dragon Fire
creature.dragonprincess_02.skill.dragonaid.description,Pet dragons' vertical super fire attack
creature.frogprince_01.skill.frograce.name,Frog Hopper
creature.frogprince_01.skill.frograce.description,Jump like a frog to increase speed
creature.frogprince_01.skill.truelove'skiss.name,Love's Kiss
creature.frogprince_01.skill.truelove'skiss.description,Upward laser of love
creature.frogprince_02.skill.leapoflove.name,Frog Leg Dash
creature.frogprince_02.skill.leapoflove.description,Big legs dash frog style to increase speed
creature.frogprince_02.skill.truelove'skiss.name,True Love's Kiss
creature.frogprince_02.skill.truelove'skiss.description,Upward laser of pure love
creature.unicorn_01.skill.rainbowgo.name,Drop Sparkles and Go
creature.unicorn_01.skill.rainbowgo.description,Release glitter bombs before attack
creature.unicorn_01.skill.rainbowtrail.name,Rainbow Beam
creature.unicorn_01.skill.rainbowtrail.description,Summon up a stream of rainbow beams
creature.unicorn_02.skill.glittertrail .name,Drop a Bow and Go
creature.unicorn_02.skill.glittertrail .description,Release rainbow bombs before attack
creature.unicorn_02.skill.rainbowstream.name,Super Rainbow Beam
creature.unicorn_02.skill.rainbowstream.description,Summon up a stream of powerful rainbow beams
creature.elfishthing_01.skill.poisondart.name,Poison Dart
creature.elfishthing_01.skill.poisondart.description,Darts designed to freeze targets 
creature.elfishthing_01.skill.elfenhands.name,Elfen Hands
creature.elfishthing_01.skill.elfenhands.description,Spread shot of the magic of the elves
creature.elfishthing_02.skill.poisondart.name,Poison Dart
creature.elfishthing_02.skill.poisondart.description,Darts designed to freeze targets 
creature.elfishthing_02.skill.elfenhands.name,Elfen Hands
creature.elfishthing_02.skill.elfenhands.description,Spread shot of the magic of the elves
creature.grumpy_01.skill.badmoodmania.name,Grumpy Gus Attack
creature.grumpy_01.skill.badmoodmania.description,Grumpy mood increase your attack
creature.grumpy_01.skill.grumpbump.name,Grumpy Explosion
creature.grumpy_01.skill.grumpbump.description,Blast of grumpy mood affect enemies
creature.grumpy_02.skill.badmoodmania.name,Bad Mood Berzerking
creature.grumpy_02.skill.badmoodmania.description,Crazy bad mood created a super berzerk attack
creature.grumpy_02.skill.grumpbump.name,The Grump Bomb
creature.grumpy_02.skill.grumpbump.description,Shocking blast of grumpiness affects enemies
creature.captainhook_01.skill.devil'shook.name,Fish Hook Frenzy
creature.captainhook_01.skill.devil'shook.description,Hitting enemy spawns rapid hood attack
"creature.captainhook_01.skill.hookmeup,hookmedown.name",Planking Beam
"creature.captainhook_01.skill.hookmeup,hookmedown.description",Vertical planking blast of energy
creature.captainhook_02.skill.devil'shook.name,Hook Hand Hug
creature.captainhook_02.skill.devil'shook.description,Hitting enemy lets you use your hook hand
"creature.captainhook_02.skill.hookmeup,hookmedown.name",Super Planking Beam
"creature.captainhook_02.skill.hookmeup,hookmedown.description",Vertical planking super blast of energy
creature.kissyprincess_01.skill.lovestruck.name,Frog Tongue Strike
creature.kissyprincess_01.skill.lovestruck.description,Stick to your enemy and blow
creature.kissyprincess_01.skill.frogspawn.name,Tadpole Twirl
creature.kissyprincess_01.skill.frogspawn.description,Spread shot of dangerous tadpoles
creature.kissyprincess_02.skill.lovestruck.name,Hoppin' Attack
creature.kissyprincess_02.skill.lovestruck.description,Hop on your enemy and explode
creature.kissyprincess_02.skill.frogspawn.name,Froggy Fling
creature.kissyprincess_02.skill.frogspawn.description,Spread shot of icky sticky froggies
creature.leprechaun_01.skill.greenluck.name,Click of the Heals
creature.leprechaun_01.skill.greenluck.description,Hit the wall and get a lucky healing bonus
creature.leprechaun_01.skill.coinshot.name,Penny Shot
creature.leprechaun_01.skill.coinshot.description,Spread shot of lightweight gold coins
creature.leprechaun_02.skill.greenluck.name,Healing Jig
creature.leprechaun_02.skill.greenluck.description,Dance to the wall and get a super lucky healing bonus
creature.leprechaun_02.skill.goldshot.name,Dollar Shot
creature.leprechaun_02.skill.goldshot.description,Spread shot of heavy gold coins
creature.pinocchio_01.skill.puppetfury.name,Pupper Strings Attack
creature.pinocchio_01.skill.puppetfury.description,Tie up enemies and attack freely
creature.pinocchio_01.skill.liar'snose.name,Booger Blast
creature.pinocchio_01.skill.liar'snose.description,360 degree beam of the ooey-gooey
creature.pinocchio_02.skill.puppeteerrage.name,Puppeteer Pester
creature.pinocchio_02.skill.puppeteerrage.description,Cut the strings and rapid attack your enemy
creature.pinocchio_02.skill.trickster'snose.name,Around-the-World Loogie
creature.pinocchio_02.skill.trickster'snose.description,360 degree beam salty goodness
creature.pinocchio_03.skill.marionettation.name,Marionette Masher
creature.pinocchio_03.skill.marionettation.description,Enemies can't escape a mech masher
creature.pinocchio_03.skill.cheater'snose.name,Super Nose Blow 360
creature.pinocchio_03.skill.cheater'snose.description,360 degree super beam of salty goodness
creature.aynt_01.skill.uproot!.name,Uproot!
creature.aynt_01.skill.uproot!.description,Increase aynt power when bumping walls!
creature.aynt_01.skill.rootrage.name,Root Rage
creature.aynt_01.skill.rootrage.description,"Spread shot of roots, dirt and soil "
creature.aynt_02.skill.uproot!.name,Uproot Too!
creature.aynt_02.skill.uproot!.description,Increase aynt power when bumping walls!
creature.aynt_02.skill.leafrage.name,Leathal Leaves
creature.aynt_02.skill.leafrage.description,Spread shot of leaves that slice like knives
creature.wolf_01.skill.cross-dressing.name,Sheep Dressing
creature.wolf_01.skill.cross-dressing.description,Bump walls and get a little bigger
creature.wolf_01.skill.howl.name,Sheep Kill Howl
creature.wolf_01.skill.howl.description,Blast of bloodlust
creature.wolf_02.skill.cross-dressing.name,Granny Dressing
creature.wolf_02.skill.cross-dressing.description,Bump walls and go large
creature.wolf_02.skill.howl.name,Granny Howl
creature.wolf_02.skill.howl.description,Super blast of cranky bloodlust
creature.dracula_01.skill.bloodlust.name,Bloodlust
creature.dracula_01.skill.bloodlust.description,Suck the enemy's blood to heal 
creature.dracula_01.skill.bloodyjob.name,Bloody Bomb
creature.dracula_01.skill.bloodyjob.description,Blood blast
creature.dracula_02.skill.bloodlust.name,Love Bite
creature.dracula_02.skill.bloodlust.description,Bite and suck your enemies blood to heal
creature.dracula_02.skill.bloodyjob.name,Blood Sprinkler
creature.dracula_02.skill.bloodyjob.description,Speadshot of blood all around
creature.kraken_01.skill.slimyhug.name,Squishy Ink Blast
creature.kraken_01.skill.slimyhug.description,Explosion of Ink when you hit enemies
creature.kraken_01.skill.deepsearoar.name,Shallow Sea Squeak
creature.kraken_01.skill.deepsearoar.description,Ear splitting squeak from seabed to surface 
creature.kraken_02.skill.slimyhug.name,Kraken Blast
creature.kraken_02.skill.slimyhug.description,Explosion of slime when you hit enemies
creature.kraken_02.skill.deepsearoar.name,Deep Sea Roar
creature.kraken_02.skill.deepsearoar.description,Powerful roar from seabed to surface 
creature.mermaidqueen_01.skill.ridingthewaves.name,Mermaid Dash
creature.mermaidqueen_01.skill.ridingthewaves.description,Swim through waves at super speed
creature.mermaidqueen_01.skill.fishflood.name,Fish Fight
creature.mermaidqueen_01.skill.fishflood.description,Spread shot of fishy friends
creature.mermaidqueen_02.skill.carriedbytide.name,Dolphin Dive
creature.mermaidqueen_02.skill.carriedbytide.description,Ride and dive like a dolphin at full speed
creature.mermaidqueen_02.skill.fishswarmflood.name,Aquatic Tsunami Wave
creature.mermaidqueen_02.skill.fishswarmflood.description,Spread shot of feisty fish
creature.mermaidqueen_03.skill.pushedbytsunami.name,Shark Sprint
creature.mermaidqueen_03.skill.pushedbytsunami.description,Super fast sharklike swim
creature.mermaidqueen_03.skill.oceanlifeflood.name,Deep Sea Deluge
creature.mermaidqueen_03.skill.oceanlifeflood.description,Super duper spread shot of all ocean life
creature.kingtriton_01.skill.bubblecharge.name,Bubble Trouble
creature.kingtriton_01.skill.bubblecharge.description,360 spread shot of groovy bubbles
creature.kingtriton_01.skill.tridentblast.name,Trident Beam
creature.kingtriton_01.skill.tridentblast.description,An upwards beam of trident magic
creature.kingtriton_02.skill.bubblecharge.name,Super Bubble Trouble
creature.kingtriton_02.skill.bubblecharge.description,360 spread shot of deep sea bubbles 
creature.kingtriton_02.skill.tridentblast.name,Trident Beam
creature.kingtriton_02.skill.tridentblast.description,An upwards beam of trident magic
creature.acornwarrior_01.skill.bubblecharge.name,Enhance Attack (ATK)
creature.acornwarrior_01.skill.bubblecharge.description,Use to upgrade heroes!
creature.acornwarrior_01.skill.tridentblast.name,Enhance Attack (ATK)
creature.acornwarrior_01.skill.tridentblast.description,Use to upgrade heroes!
creature.acornwarrior_02.skill.rush.name,Super Enhance Attack (ATK)
creature.acornwarrior_02.skill.rush.description,Use to upgrade heroes!
creature.acornwarrior_03.skill.rush.name,Mega Enhance Attack  (ATK) 
creature.acornwarrior_03.skill.rush.description,Use to upgrade heroes!
creature.acornaviator_01.skill.rush.name,Enhance Speed (SPD)
creature.acornaviator_01.skill.rush.description,Use to upgrade heroes!
creature.acornaviator_02.skill.rush.name,Super Enhance Speed (SPD)
creature.acornaviator_02.skill.rush.description,Use to upgrade heroes!
creature.acornaviator_03.skill.rush.name,Mega Enhance Speed (SPD)
creature.acornaviator_03.skill.rush.description,Use to upgrade heroes!
creature.acorndefender_01.skill.rush.name,Enhance Health (HP)
creature.acorndefender_01.skill.rush.description,Use to upgrade heroes!
creature.acorndefender_02.skill.rush.name,Super Enhance Health (HP)
creature.acorndefender_02.skill.rush.description,Use to upgrade heroes!
creature.acorndefender_03.skill.rush.name,Mega Enhance Health (HP)
creature.acorndefender_03.skill.rush.description,Use to upgrade heroes!
creature.acornidol_01.skill.rush.name,Exchange for Coins 
creature.acornidol_01.skill.rush.description,Sell me!
creature.acornidol_02.skill.rush.name,Exchange for Coins 
creature.acornidol_02.skill.rush.description,Sell me!
creature.acornidol_03.skill.rush.name,Exchange for Coins 
creature.acornidol_03.skill.rush.description,Sell me!
creature.acornmagician_01.skill.rush.name,Enhance Experience (EXP) 
creature.acornmagician_01.skill.rush.description,Use to upgrade heroes!
creature.acornmagician_02.skill.rush.name,Super Enhance Experience (EXP) 
creature.acornmagician_02.skill.rush.description,Use to upgrade heroes!
creature.acornmagician_03.skill.rush.name,Mega Enhance Experience (EXP) 
creature.acornmagician_03.skill.rush.description,Use to upgrade heroes!
creature.musketeer_01.skill.allforone.name,All for One
creature.musketeer_01.skill.allforone.description,Harness the help of your allies
creature.musketeer_01.skill.engarde.name,One for All
creature.musketeer_01.skill.engarde.description,Focused attack on the enemy of your choice
creature.musketeer_02.skill.allforone.name,All for One
creature.musketeer_02.skill.allforone.description,Harness the help of your allies
creature.musketeer_02.skill.engarde.name,Super One for All
creature.musketeer_02.skill.engarde.description,Focused super attack on the enemy of your choice
creature.musketeer_03.skill.allforone.name,All for One
creature.musketeer_03.skill.allforone.description,Harness the help of your allies
creature.musketeer_03.skill.engarde.name,Super Duper One for All
creature.musketeer_03.skill.engarde.description,Focused super duper attack on the enemy of your choice
creature.robinhood_01.skill.streamofarrows.name,Stream of Arrows
creature.robinhood_01.skill.streamofarrows.description,Hit enemy for an endless arrow stream
creature.robinhood_01.skill.volleyofarrows.name,Volley of Arrows
creature.robinhood_01.skill.volleyofarrows.description,Arrow missile attack
creature.robinhood_02.skill.streamofarrows.name,Stream of Arrows
creature.robinhood_02.skill.streamofarrows.description,Hit enemy for an endless arrow stream
creature.robinhood_02.skill.volleyofarrows.name,Volley of Arrows
creature.robinhood_02.skill.volleyofarrows.description,Arrow missile attack
creature.robinhood_03.skill.streamofarrows.name,Stream of Arrows
creature.robinhood_03.skill.streamofarrows.description,Hit enemy for an endless arrow stream
creature.robinhood_03.skill.volleyofarrows.name,Volley of Arrows
creature.robinhood_03.skill.volleyofarrows.description,Arrow missile attack
creature.alice_01.skill.teaparty.name,Tea Party
creature.alice_01.skill.teaparty.description,Harness the help of the allies
creature.alice_01.skill.eatme.name,Eat Me
creature.alice_01.skill.eatme.description,Spread shot of shrinking cakes!
creature.alice_02.skill.teaparty.name,Tea Party
creature.alice_02.skill.teaparty.description,Harness the help of the allies
creature.alice_02.skill.eatme.name,Eat Me
creature.alice_02.skill.eatme.description,Spread shot of shrinking cakes!
creature.alice_03.skill.teaparty.name,Tea Party
creature.alice_03.skill.teaparty.description,Harness the help of the allies
creature.alice_03.skill.eatme.name,Eat Me
creature.alice_03.skill.eatme.description,Spread shot of shrinking cakes!
creature.pig_01.skill.martialarttraining.name,Martial Art Training
creature.pig_01.skill.martialarttraining.description,Hit enemies for missile fire
creature.pig_01.skill.straw defense.name,Straw Defense
creature.pig_01.skill.straw defense.description,Heal with straw 
creature.pig_02.skill.weapontraining.name,Weapon Training
creature.pig_02.skill.weapontraining.description,Hit enemies for missile fire
creature.pig_02.skill.wood defense.name,Wood Defense
creature.pig_02.skill.wood defense.description,Heal with wood
creature.pig_03.skill.militarytraining.name,Military Training
creature.pig_03.skill.militarytraining.description,Hit enemies for missile fire
creature.pig_03.skill.brick defense.name,Brick Defense
creature.pig_03.skill.brick defense.description,Heal with brick
creature.madhatter_01.skill.hatsale.name,Hat Sale
creature.madhatter_01.skill.hatsale.description,Hit walls for bomb attack 
creature.madhatter_01.skill.hatmaking.name,Hat Making
creature.madhatter_01.skill.hatmaking.description,Hat bombs! Cover those heads! 
creature.madhatter_02.skill.hatsale.name,Hat Sale
creature.madhatter_02.skill.hatsale.description,Hit walls for bomb attack 
creature.madhatter_02.skill.hatmaking.name,Hat Making
creature.madhatter_02.skill.hatmaking.description,Hat bombs! Cover those heads! 
creature.madhatter_03.skill.hatsale.name,Hat Sale
creature.madhatter_03.skill.hatsale.description,Hit walls for bomb attack 
creature.madhatter_03.skill.hatmaking.name,Hat Making
creature.madhatter_03.skill.hatmaking.description,Hat bombs! Cover those heads! 
creature.redriddinghood_01.skill.delivery.name,Delivery
creature.redriddinghood_01.skill.delivery.description,Grab enemy and deliver attack
creature.redriddinghood_01.skill.questiontime.name,Question Time
creature.redriddinghood_01.skill.questiontime.description,No answers? Freeze.
creature.redriddinghood_02.skill.delivery.name,Delivery
creature.redriddinghood_02.skill.delivery.description,Grab enemy and deliver attack
creature.redriddinghood_02.skill.questiontime.name,Question Time
creature.redriddinghood_02.skill.questiontime.description,No answers? Freeze.
creature.redriddinghood_03.skill.delivery.name,Delivery
creature.redriddinghood_03.skill.delivery.description,Grab enemy and deliver attack
creature.redriddinghood_03.skill.questiontime.name,Question Time
creature.redriddinghood_03.skill.questiontime.description,No answers? Freeze.
creature.peterpan_01.skill.dreamoftheflight.name,Dream of Flight
creature.peterpan_01.skill.dreamoftheflight.description,Fly at the speed of light
creature.peterpan_01.skill.followafriend.name,Follow a Friend
creature.peterpan_01.skill.followafriend.description,Not-so-friendly missile fire
creature.peterpan_02.skill.dreamoftheflight.name,Dream of Flight
creature.peterpan_02.skill.dreamoftheflight.description,Fly at the speed of light
creature.peterpan_02.skill.followafriend.name,Follow a Friend
creature.peterpan_02.skill.followafriend.description,Not-so-friendly missile fire
creature.peterpan_03.skill.dreamoftheflight.name,Dream of Flight
creature.peterpan_03.skill.dreamoftheflight.description,Fly at the speed of light
creature.peterpan_03.skill.followafriend.name,Follow a Friend
creature.peterpan_03.skill.followafriend.description,Not-so-friendly missile fire
creature.snowwhite_01.skill.poisonresistance.name,Poison Resistance
creature.snowwhite_01.skill.poisonresistance.description,Hide by the walls to heal from poison
creature.snowwhite_01.skill.hordeofdwarfs.name,Horde of Dwarfs
creature.snowwhite_01.skill.hordeofdwarfs.description,Gather dwarves to throw bombs!
creature.snowwhite_02.skill.poisonresistance.name,Poison Resistance
creature.snowwhite_02.skill.poisonresistance.description,Hide by the walls to heal from poison
creature.snowwhite_02.skill.hordeofdwarfs.name,Horde of Dwarfs
creature.snowwhite_02.skill.hordeofdwarfs.description,Gather dwarves to throw bombs!
creature.snowwhite_03.skill.poisonresistance.name,Poison Resistance
creature.snowwhite_03.skill.poisonresistance.description,Hide by the walls to heal from poison
creature.snowwhite_03.skill.hordeofdwarfs.name,Horde of Dwarfs
creature.snowwhite_03.skill.hordeofdwarfs.description,Gather dwarves to throw bombs!
creature.kingarthur_01.skill.pulltheexcalibur.name,Pull the Excalibur
creature.kingarthur_01.skill.pulltheexcalibur.description,Enhance excalibur attack
creature.kingarthur_01.skill.roundtablefriendship.name,Round Table Friendship
creature.kingarthur_01.skill.roundtablefriendship.description,Push your friends to hurry 
creature.kingarthur_02.skill.drawtheexcalibur.name,Draw the Excalibur
creature.kingarthur_02.skill.drawtheexcalibur.description,Double enhance excalibur attack
creature.kingarthur_02.skill.roundtablefriendship.name,Round Table Friendship
creature.kingarthur_02.skill.roundtablefriendship.description,Push your friends to hurry 
creature.kingarthur_03.skill.swingtheexcalibur.name,Swing the Excalibur
creature.kingarthur_03.skill.swingtheexcalibur.description,Supreme excalibur attack
creature.kingarthur_03.skill.roundtablefriendship.name,Round Table Friendship
creature.kingarthur_03.skill.roundtablefriendship.description,Push your friends to hurry 
"creature.evilqueen_01.skill.mirror,mirror,....name",Mirror Mirror
"creature.evilqueen_01.skill.mirror,mirror,....description",Beam of reflecting light ray
creature.evilqueen_01.skill.poisonousapples.name,Poisonous Apples
creature.evilqueen_01.skill.poisonousapples.description,Apple spread shot attack
"creature.evilqueen_02.skill.mirror,mirror,....name",Mirror Mirror
"creature.evilqueen_02.skill.mirror,mirror,....description",Beam of reflecting light ray
creature.evilqueen_02.skill.poisonousapples.name,Poisonous Apples
creature.evilqueen_02.skill.poisonousapples.description,Apple spread shot attack
"creature.evilqueen_03.skill.mirror,mirror,....name",Mirror Mirror
"creature.evilqueen_03.skill.mirror,mirror,....description",Beam of reflecting light ray
creature.evilqueen_03.skill.poisounousapples.name,Poisonous Apples
creature.evilqueen_03.skill.poisounousapples.description,Apple spread shot attack
creature.gingerbreadman_01.skill.rightflavor.name,Right Flavour
creature.gingerbreadman_01.skill.rightflavor.description,Spread shot of flour and sugar
creature.gingerbreadman_01.skill.gingerbaking.name,Ginger Baking
creature.gingerbreadman_01.skill.gingerbaking.description,Bakery blast 
creature.gingerbreadman_02.skill.rightflavor.name,Right Flavour
creature.gingerbreadman_02.skill.rightflavor.description,Spread shot of flour and sugar
creature.gingerbreadman_02.skill.gingerbaking.name,Ginger Baking
creature.gingerbreadman_02.skill.gingerbaking.description,Bakery blast 
creature.tigerlily_01.skill.powerofthetribe.name,Power of the Tribe
creature.tigerlily_01.skill.powerofthetribe.description,Bump walls and get power speed 
creature.tigerlily_01.skill.featherfling.name,Feather Fling
creature.tigerlily_01.skill.featherfling.description,Eagle feather spread shot
creature.tigerlily_02.skill.powerofthetribe.name,Power of the Tribe
creature.tigerlily_02.skill.powerofthetribe.description,Bump walls and get power speed 
creature.tigerlily_02.skill.featherfling.name,Feather Fling
creature.tigerlily_02.skill.featherfling.description,Eagle feather spread shot
creature.beast_01.skill.womanizer.name,Womanizer
creature.beast_01.skill.womanizer.description,Stick to 'em and it's a hit
creature.beast_01.skill.beastdance.name,Beast Dance
creature.beast_01.skill.beastdance.description,A dance of death
creature.beast_02.skill.womanizer.name,Womanizer
creature.beast_02.skill.womanizer.description,Stick to 'em and it's a hit
creature.beast_02.skill.beastdance.name,Beast Dance
creature.beast_02.skill.beastdance.description,A dance of death
creature.monkeyking_01.skill.easternmagic.name,Eastern Magic
creature.monkeyking_01.skill.easternmagic.description,Bump walls and magically grow 
creature.monkeyking_01.skill.staffmischief.name,Staff Mischief
creature.monkeyking_01.skill.staffmischief.description,4 way staff blast 
creature.monkeyking_02.skill.easternmagic.name,Eastern Magic
creature.monkeyking_02.skill.easternmagic.description,Bump walls and magically grow 
creature.monkeyking_02.skill.staffmischief.name,Staff Mischief
creature.monkeyking_02.skill.staffmischief.description,4 way staff blast 
creature.tweedledeedum_01.skill.mirrorriddles.name,Mirror Riddles
creature.tweedledeedum_01.skill.mirrorriddles.description,Freeze the enemy 
creature.tweedledeedum_02.skill.mirrorriddles.name,Mirror Riddles
creature.tweedledeedum_02.skill.mirrorriddles.description,Frozen in the mirror
creature.pussinboots_01.skill.cuteandfurious.name,Cute and Furious
creature.pussinboots_01.skill.cuteandfurious.description,Fast and furious with every enemy hit
creature.pussinboots_01.skill.nimblestrikes.name,Nimble Strikes
creature.pussinboots_01.skill.nimblestrikes.description,Feline missile fire
creature.pussinboots_02.skill.cuteandfurious.name,Cute and Furious
creature.pussinboots_02.skill.cuteandfurious.description,Fast and furious with every enemy hit
creature.pussinboots_02.skill.nimblestrikes.name,Nimble Strikes
creature.pussinboots_02.skill.nimblestrikes.description,Feline missile fire
creature.piedpiper_01.skill.laytraps.name,Lay Traps
creature.piedpiper_01.skill.laytraps.description,Lay bomb traps 
creature.piedpiper_01.skill.marchingtune.name,Marching Tune
creature.piedpiper_01.skill.marchingtune.description,Musical spread shot 
creature.piedpiper_02.skill.laytraps.name,Lay Traps
creature.piedpiper_02.skill.laytraps.description,Lay bomb traps 
creature.piedpiper_02.skill.marchingtune.name,Marching Tune
creature.piedpiper_02.skill.marchingtune.description,Spread shot of tunes
creature.princecharming_01.skill.savetheday.name,Save the Day
creature.princecharming_01.skill.savetheday.description,Hit the walls for more princely power
creature.princecharming_01.skill.fairyquest.name,Fairy Quest
creature.princecharming_01.skill.fairyquest.description,Laser charm
creature.princecharming_02.skill.savetheday.name,Save the Day
creature.princecharming_02.skill.savetheday.description,Hit the walls for more princely power
creature.princecharming_02.skill.fairyquest.name,Fairy Quest
creature.princecharming_02.skill.fairyquest.description,Laser charm
creature.sleepingbeauty_01.skill.morningbreath.name,Morning Breath
creature.sleepingbeauty_01.skill.morningbreath.description,A flare of bad breath 
creature.sleepingbeauty_01.skill.pillowfight.name,Pillow Fight
creature.sleepingbeauty_01.skill.pillowfight.description,Exploding feather pillows
creature.sleepingbeauty_02.skill.morningbreath.name,Morning Breath
creature.sleepingbeauty_02.skill.morningbreath.description,A flare of bad breath 
creature.sleepingbeauty_02.skill.pillowfight.name,Pillow Fight
creature.sleepingbeauty_02.skill.pillowfight.description,Exploding feather pillows
creature.kingmidas_01.skill.royalpardon.name,Royal Pardon
creature.kingmidas_01.skill.royalpardon.description,Homing missile fire!
creature.kingmidas_01.skill.touchofgold.name,Touch of Gold
creature.kingmidas_01.skill.touchofgold.description,Frozen upon touch
creature.kingmidas_02.skill.royalpardon.name,Royal Pardon
creature.kingmidas_02.skill.royalpardon.description,Recuperate to regain health 
creature.kingmidas_02.skill.touchofgold.name,Touch of Gold
creature.kingmidas_02.skill.touchofgold.description,Frozen upon touch
creature.marshmallowman_01.skill.campfire.name,Campfire
creature.marshmallowman_01.skill.campfire.description,Hit the enemy and fireblast!
creature.marshmallowman_01.skill.emberflow.name,Ember Flow
creature.marshmallowman_01.skill.emberflow.description,A flow of white-hot ember 
creature.marshmallowman_02.skill.campfire.name,Campfire
creature.marshmallowman_02.skill.campfire.description,Hit the enemy and fireblast!
creature.marshmallowman_02.skill.emberflow.name,Ember Flow
creature.marshmallowman_02.skill.emberflow.description,A flow of white-hot ember 
creature.goldenfish_01.skill.splash.name,Splash
creature.goldenfish_01.skill.splash.description,Splashing spread shot!
creature.goldenfish_01.skill.wishcomestrue.name,Wish Comes True
creature.goldenfish_01.skill.wishcomestrue.description,Bump friends to watch them grow!
creature.goldenfish_02.skill.splash.name,Splash
creature.goldenfish_02.skill.splash.description,Splashing spread shot!
creature.goldenfish_02.skill.wishcomestrue.name,Wish Comes True
creature.goldenfish_02.skill.wishcomestrue.description,Bump friends to watch them grow!
creature.captainahab_01.skill.phantomkick.name,Phantom Kick
creature.captainahab_01.skill.phantomkick.description,Power up the Phantom Kick with every wall hit
creature.captainahab_01.skill.spearhunt.name,Spear Hunt
creature.captainahab_01.skill.spearhunt.description,Shoot spears at target 
creature.captainahab_02.skill.phantomkick.name,Phantom Kick
creature.captainahab_02.skill.phantomkick.description,Power up the Phantom Kick with every wall hit
creature.captainahab_02.skill.spearhunt.name,Spear Hunt
creature.captainahab_02.skill.spearhunt.description,Shoot spears at target 
creature.jackelope_01.skill.bunnyancestry.name,Bunny Ancestry
creature.jackelope_01.skill.bunnyancestry.description,Run at rabbit speed
creature.jackelope_01.skill.antlersbash.name,Antlers Bash
creature.jackelope_01.skill.antlersbash.description,Rodent spread shot
creature.jackelope_02.skill.bunnyancestry.name,Bunny Ancestry
creature.jackelope_02.skill.bunnyancestry.description,Run at rabbit speed
creature.jackelope_02.skill.antlersbash.name,Antlers Bash
creature.jackelope_02.skill.antlersbash.description,Rodent spread shot
creature.wolfman_01.skill.lunartransformation .name,Lunar Transformation
creature.wolfman_01.skill.lunartransformation .description,Transform in size by bumping walls
creature.wolfman_01.skill.howlofthepack.name,Howl of the Pack
creature.wolfman_01.skill.howlofthepack.description,Blast attack with the pack 
creature.wolfman_02.skill.lunartransformation .name,Lunar Transformation
creature.wolfman_02.skill.lunartransformation .description,Transform in size by bumping walls
creature.wolfman_02.skill.howlofthepack.name,Howl of the Pack
creature.wolfman_02.skill.howlofthepack.description,Blast attack with the pack 
creature.peemonkey_01.skill.superflow.name,Superflow
creature.peemonkey_01.skill.superflow.description,Shoot all around 
creature.peemonkey_01.skill.bubbleboost.name,Bubble Boost
creature.peemonkey_01.skill.bubbleboost.description,Beam of bubbles
creature.peemonkey_02.skill.megasuperflow.name,Mega-Superflow
creature.peemonkey_02.skill.megasuperflow.description,Super shoot all around 
creature.peemonkey_02.skill.bubbleboost.name,Bubble Boost
creature.peemonkey_02.skill.bubbleboost.description,Beam of bubbles
skill.unknown.name,Mystery Skill
skill.unknown.description,This skill is a mystery
creature.pussinboots_01.skill.monkeyscreech.name,creature.pussinboots_01.skill.monkeyscreech.name
creature.pussinboots_01.skill.monkeyscreech.description,creature.pussinboots_01.skill.monkeyscreech.description
creature.pussinboots_01.skill.bannanabomb.name,creature.pussinboots_01.skill.bannanabomb.name
creature.pussinboots_01.skill.bannanabomb.description,creature.pussinboots_01.skill.bannanabomb.description
creature.acornwarrior_01.skill.rush.name,Enhance Attack (ATK) 
creature.acornwarrior_01.skill.rush.description,Use to upgrade heroes!
creature.ascent_1.skill.superflow.name,creature.ascent_1.skill.superflow.name
creature.ascent_1.skill.superflow.description,creature.ascent_1.skill.superflow.description
creature.ascent_1.skill.bubbleboost.name,creature.ascent_1.skill.bubbleboost.name
creature.ascent_1.skill.bubbleboost.description,creature.ascent_1.skill.bubbleboost.description
creature.ascent_2.skill.megasuperflow.name,creature.ascent_2.skill.megasuperflow.name
creature.ascent_2.skill.megasuperflow.description,creature.ascent_2.skill.megasuperflow.description
creature.ascent_2.skill.bubbleboost.name,creature.ascent_2.skill.bubbleboost.name
creature.ascent_2.skill.bubbleboost.description,creature.ascent_2.skill.bubbleboost.description
creature.kingtriton_01.skill.TridentBlast.name,Trident Beam
creature.kingtriton_01.skill.TridentBlast.description,An upwards beam of trident magic
creature.kingtriton_02.skill.TridentBlast.name,Trident Beam
creature.kingtriton_02.skill.TridentBlast.description,An upwards beam of trident magic
creature.yeti_01.skill.skiskid .name,Skate-on-Ice
creature.yeti_01.skill.skiskid .description,Rapid increase in speed
creature.yeti_02.skill.superskiskid.name,Ice Slide
creature.yeti_02.skill.superskiskid.description,Super slippery speed boost
creature.queenofhearts_01.skill.stickfirstandspreadshot.name,52 Pickup
creature.queenofhearts_01.skill.stickfirstandspreadshot.description,Stick and spread of razor-sharp cards
creature.queenofhearts_01.skill.spreadshot.name,52 Card Shuffle
creature.queenofhearts_01.skill.spreadshot.description,Spread of razor-sharp cards
creature.queenofhearts_02.skill.stickfirstandspreadshot.name,104 Pickup
creature.queenofhearts_02.skill.stickfirstandspreadshot.description,Stick and two-deck spread of razor-sharp cards
creature.queenofhearts_02.skill.spreadshot.name,104 Card Shuffe
creature.queenofhearts_02.skill.spreadshot.description,Two-deck spread of razor-sharp cards
creature.cowardlylion_01.skill.blast.name,Mighty Roar
creature.cowardlylion_01.skill.blast.description,Roar of the mighty beast
creature.cowardlylion_01.skill.blasthitenemy.name,Tappin' Roar
creature.cowardlylion_01.skill.blasthitenemy.description,Beastly roar when hitting enemy
creature.cowardlylion_02.skill.blast.name,Godly Roar
creature.cowardlylion_02.skill.blast.description,Mighty roar of the king of beasts
creature.cowardlylion_02.skill.blasthitenemy.name,Tappin' Mighty Roar
creature.cowardlylion_02.skill.blasthitenemy.description,Mighty roar when hitting enemy
creature.rabbitpurple_01.skill.time'sup .name,Dirty Bunny Bump
creature.rabbitpurple_01.skill.time'sup .description,Strong street-style kick
creature.rabbitpurple_01.skill.verticallaser.name,Time Slowdown
creature.rabbitpurple_01.skill.verticallaser.description,Vertical beam of space and time
creature.rabbitpurple_02.skill.time'sup .name,Countdown Kick
creature.rabbitpurple_02.skill.time'sup .description,Super powerful geezer kicks
creature.rabbitpurple_02.skill.verticallaser.name,Super Time Slowdown
creature.rabbitpurple_02.skill.verticallaser.description,Powerful vertical beam of space & time
creature.madhattergreen_01.skill.hatsale.name,Hat Bombs
creature.madhattergreen_01.skill.hatsale.description,Hit walls for bomb attack 
creature.madhattergreen_01.skill.spreadshot.name,Royal Hat Toss
creature.madhattergreen_01.skill.spreadshot.description,Hats flying every which way
creature.madhattergreen_02.skill.hatsale.name,Super Hat Bombs
creature.madhattergreen_02.skill.hatsale.description,Hit walls for super bomb attack 
creature.madhattergreen_02.skill.spreadshot.name,Super Royal Hat Toss
creature.madhattergreen_02.skill.spreadshot.description,Hats flying every which which way
creature.madhattergreen_03.skill.hatsale.name,Mega Hat Bombs
creature.madhattergreen_03.skill.hatsale.description,Hit walls for mega bomb attack 
creature.madhattergreen_03.skill.spreadshot.name,Mega Royal Hat Toss
creature.madhattergreen_03.skill.spreadshot.description,Hats flying every which which what way
creature.madhatteryellow_01.skill.hatsale.name,Hat Bombs
creature.madhatteryellow_01.skill.hatsale.description,Hit walls for bomb attack 
creature.madhatteryellow_01.skill.blast.name,Solar flare
creature.madhatteryellow_01.skill.blast.description,A blast of sunshine
creature.madhatteryellow_02.skill.hatsale.name,Super Hat Bombs
creature.madhatteryellow_02.skill.hatsale.description,Hit walls for super bomb attack 
creature.madhatteryellow_02.skill.blast.name,Super Solar flare
creature.madhatteryellow_02.skill.blast.description,A super blast of sunshine
creature.madhatteryellow_03.skill.hatsale.name,Mega Hat Bombs
creature.madhatteryellow_03.skill.hatsale.description,Hit walls for mega bomb attack 
creature.madhatteryellow_03.skill.blast.name,Mega Solar flare
creature.madhatteryellow_03.skill.blast.description,A mega blast of sunshine
creature.unicornred_01.skill.rainbowgo.name,Sparkly Poo
creature.unicornred_01.skill.rainbowgo.description,Drop glitter bombs before attack
creature.unicornred_01.skill.blast.name,Sparkly Scent
creature.unicornred_01.skill.blast.description,Explosion of sparkly scented goodness
creature.unicornred_02.skill.glittertrail .name,Rainbow Poo
creature.unicornred_02.skill.glittertrail .description,Drop rainbow bombs before attack
creature.unicornred_02.skill.blast.name,Rainbow Glow
creature.unicornred_02.skill.blast.description,Explosion of rainbow radiation
creature.unicornyellow_01.skill.rainbowgo.name,Super Sparkly Poo
creature.unicornyellow_01.skill.rainbowgo.description,Drop super glitter bombs before attack
creature.unicornyellow_01.skill.uplaser.name,Super Sparkly Scent
creature.unicornyellow_01.skill.uplaser.description,Huge explosion of sparkly goodness
creature.unicornyellow_02.skill.glittertrail .name,Super Rainbow Poo
creature.unicornyellow_02.skill.glittertrail .description,Drop super rainbow bombs before attack
creature.unicornyellow_02.skill.uplaser.name,Super Rainbow Glow
creature.unicornyellow_02.skill.uplaser.description,Super explosion of rainbow radiation