dev,1lt2HRMmU0KvWFbJN0MHppZmFh6nesNXT7VgYwFyjvho,1866003486
v1.4,1YSmi6kC9XaFVWOjORIB7Lfd87HbrT_07fRWf6L-BFxs,1866003486
v1.5,17G3fIIXhfQekAHzOk5ktZOg5E4z0SOxCN3zbeNCOfkQ,1866003486
v2.1.1,1s8Qvxo1k4yZlUQXa4bpV_naSzZHHwo39ZOEOjn5V6RY,1866003486
v2.1.1-splittest1,1Dp8_eb2GOKuyRME8r6_STvj1ksPUe8vZrmRPMXq0AKU,1866003486
v2.2.0,10tNn_Q-ujttZbOvt7KNVxSmMuvKEbIfxSIyIgPTCpe0,1866003486
v2.2.0-spilittest-world-2,1PVPjdOJ5N53622l1q8jvMuaDhYqG4Y6pc5O4QoEw2tg,1866003486
v2.3.0,1lAqjxUo8p0to1QoS4neiwQTksvY8qmD6tPRM_qNyBDA,1866003486
v2.3.1,1lAqjxUo8p0to1QoS4neiwQTksvY8qmD6tPRM_qNyBDA,1866003486
v2.4.0,1JSWuL8lZq03fFWHBh8Q1RFI00Jgjfe7SFkOwQWhUO4k,1866003486
v2.5.0,1dMHi-ShNr-8kRnJw2jMrRxsSPnYxYba22-c85-uZm68,1866003486
v2.5.2,1dMHi-ShNr-8kRnJw2jMrRxsSPnYxYba22-c85-uZm68,1866003486
v2.6.0,1_xQJl_x79b-Ve0e2syAZ2MKMYcoMn_3FlR0nMSfBPls,1866003486
v2.7.0,1MGw1T7niD0f75y6_C20puruls1posWvnspRRSAcrRzk,1866003486
v2.7.0-star-gate,1_enN5uQpNBPITKAII35EqpZmtTfltnTvWPh4e2pm4YA,1866003486
v2.8.0,1qt2foEZ0frrcV--XDKh_pEvHJIdM9E41kkMsi0tVys4,1866003486
v2.8.0-element,1BW7F_e80H0BLUkEMj-VG8wucKNuc-PZFSzvIOkkn6vg,1866003486